Country Name,2002,2003,2004,2005,2006,2007,2008,2009,2010,2011,2012,2013,2014,2015,2016,2017,2018,2019,2020,2021,2022,2023,2024,2025,
Aruba,,,1.165965319,1.269663095,1.25131321,1.26187098,1.27677536,1.109147549,1.121295571,1.10294652,1.095235944,1.119600654,1.014001012,1.248301148,1.232693315,1.23961401,1.207401395,1.174430847,1.198827386,0.800938904,0.756486595,0.709075332,,,
Africa Eastern and Southern,,,,,,,,,,,,,,,,,,,,,,,,,
Afghanistan,-1.251137018,-1.344179749,-1.35064733,-1.447252393,-1.446292281,-1.61325109,-1.672095537,-1.552298784,-1.645391107,-1.600470781,-1.430372834,-1.445960641,-1.364934087,-1.354713082,-1.540227771,-1.530074596,-1.502875924,-1.419310093,-1.493360877,-1.152265787,-1.183684349,-1.154931784,,,
Africa Western and Central,,,,,,,,,,,,,,,,,,,,,,,,,
Angola,-1.155492663,-1.335463285,-1.377568841,-1.323181987,-1.241037726,-1.307493567,-1.308764577,-1.397766113,-1.332474947,-1.367469072,-1.302401423,-1.336971641,-1.458225965,-1.427726507,-1.483990431,-1.445171714,-1.199483871,-1.05461812,-0.935061216,-0.649475813,-0.612375736,-0.609920204,,,
Albania,-0.845340908,-0.853786588,-0.723731816,-0.813263893,-0.790545285,-0.706940055,-0.60521239,-0.54527092,-0.531616509,-0.701794147,-0.778729439,-0.751372695,-0.586571813,-0.545140803,-0.472373724,-0.48138684,-0.546018898,-0.564274073,-0.57353878,-0.577179968,-0.408189446,-0.332218528,,,
Andorra,1.310743809,1.33278954,1.119150281,1.269663095,1.25131321,1.26187098,1.27677536,1.317764997,1.301772714,1.272298098,1.260530829,1.253580928,1.220693946,1.151729107,1.15941143,1.171781301,1.178940058,1.176189423,1.265453935,1.279687047,1.270272374,1.251356125,,,
Arab World,,,,,,,,,,,,,,,,,,,,,,,,,
United Arab Emirates,1.111619234,0.826036751,1.039477348,0.990808547,0.885872543,1.00609827,1.071450472,0.906304717,0.890833914,1.070487618,1.155736208,1.273542762,1.198809981,1.03457427,1.131677032,1.095753789,1.117051482,1.072382092,1.083613992,1.150394559,1.155614495,1.073663831,,,
Argentina,-0.417055726,-0.479976803,-0.414409548,-0.377738357,-0.331238538,-0.372122079,-0.434875011,-0.445475101,-0.355230033,-0.364098519,-0.445909202,-0.434306711,-0.549791396,-0.581265271,-0.299235553,-0.309002459,-0.099273928,-0.107116245,-0.163570061,-0.422596842,-0.447221607,-0.360883951,,,
Armenia,-0.778165162,-0.6490224,-0.703455329,-0.683349848,-0.669232607,-0.74589169,-0.712412357,-0.621459663,-0.69503957,-0.664559424,-0.58800149,-0.530533433,-0.565446794,-0.609746635,-0.659795225,-0.637015164,-0.409369439,-0.227039859,-0.003474974,0.048684645,0.027907174,0.058399647,,,
American Samoa,,,0.791444957,0.789309144,0.299861044,0.308062404,0.317555279,0.347466081,0.328756839,0.310445875,0.299411148,0.303002298,1.220693946,1.151729107,1.15941143,1.762287259,1.780649662,1.780229092,1.265453935,1.279687047,1.270272374,1.251356125,,,
Antigua and Barbuda,0.850210369,0.854120076,0.839856029,0.742446184,1.11961627,1.146967053,1.27677536,1.317764997,1.301772714,1.272298098,1.260530829,1.253580928,0.634795427,0.64260906,0.645367682,0.197911337,0.236501798,0.239614844,0.239038527,0.231868863,0.310727566,0.326792687,,,
Australia,1.761436343,1.895287037,2.005868912,1.942667723,1.950813174,2.00087285,2.027342558,2.041763067,2.02361083,2.037909031,1.977507234,1.777833104,1.849272132,1.841308117,1.772251964,1.752974749,1.767454863,1.788073659,1.632980585,1.707388759,1.764367104,1.781204939,,,
Austria,1.915159225,1.963868618,2.026624441,1.912423491,1.904876947,2.003345251,1.828758121,1.6940341,1.596122026,1.47028935,1.427254438,1.537276983,1.466501832,1.472043753,1.496880531,1.50082016,1.568587184,1.521324396,1.477709413,1.24272728,1.258586764,1.133653283,,,
Azerbaijan,-1.195501924,-1.046231985,-1.18083179,-1.052521467,-1.095912457,-1.129073739,-1.156654239,-1.194081903,-1.245373249,-1.195314765,-1.142694116,-0.970754623,-1.022827625,-0.95257318,-0.852637351,-0.906532645,-0.853233695,-0.849681973,-1.078075886,-0.847890377,-1.040907383,-1.195471406,,,
Burundi,-0.759896934,-0.874153018,-0.97840488,-0.95718044,-1.101503611,-1.166984916,-1.088232398,-1.132561207,-1.168900132,-1.208371162,-1.468606353,-1.426513433,-1.268246889,-1.287038207,-1.278763294,-1.318501472,-1.478271365,-1.4969697,-1.563401699,-1.599664927,-1.518181205,-1.556025982,,,
Belgium,1.45780158,1.375112772,1.360382557,1.377162457,1.301286578,1.347415328,1.36263752,1.452005267,1.473829985,1.519928932,1.559110403,1.604317307,1.512720346,1.474453568,1.531243801,1.404194951,1.429573298,1.448797941,1.445801735,1.455202103,1.49497354,1.336844444,,,
Benin,-0.795710146,-0.577583432,-0.563022554,-0.871326268,-0.587095916,-0.470139265,-0.514077365,-0.627268314,-0.665382147,-0.605445802,-0.857918382,-0.745601773,-0.6696558,-0.563740015,-0.529033244,-0.576484859,-0.391633451,-0.32935977,-0.039982349,-0.17053856,-0.089857288,-0.049579449,,,
Burkina Faso,0.120319605,-0.107514307,-0.149054155,-0.105527252,-0.310118109,-0.329598039,-0.309015125,-0.345606595,-0.356885225,-0.378650427,-0.482446641,-0.525527596,-0.466838807,-0.299044788,-0.169877484,-0.138780206,-0.131607041,-0.2194933,-0.122198515,-0.082507454,-0.11163947,-0.169615507,,,
Bangladesh,-1.449086785,-1.54172051,-1.597114921,-1.406466603,-1.442982793,-1.063239932,-1.046788335,-1.075251222,-1.054080248,-1.097388625,-0.85661906,-0.893966019,-0.892609239,-0.844677091,-0.887518942,-0.858602941,-0.926822603,-1.017209649,-1.003712177,-0.986505091,-1.075751781,-1.120866418,,,
Bulgaria,-0.171931699,-0.087321013,0.06820406,0.018745424,-0.110585965,-0.231792405,-0.274787337,-0.229267567,-0.237023547,-0.26926437,-0.281460792,-0.327892512,-0.303166449,-0.346440643,-0.260855675,-0.196330279,-0.188220024,-0.181220517,-0.322349757,-0.258131921,-0.158206031,-0.137721658,,,
Bahrain,0.791833282,0.37417081,0.436752141,0.383150041,0.188148677,0.175549507,0.181815282,0.180615962,0.179316193,0.209991172,0.36653021,0.425915956,0.273115307,0.106954351,-0.047535866,-0.171065331,-0.176260635,-0.038056623,-0.092978388,0.144483089,0.139520317,0.177784815,,,
"Bahamas, The",1.415555596,1.407789588,1.411035895,1.32878685,1.34319973,1.328009129,1.330071688,1.360019565,1.348376751,1.346852183,1.316067934,1.334695697,1.308502436,1.097260356,1.067145824,1.134972572,1.096056581,1.102298617,1.106287122,1.15235579,1.256448865,1.266910076,,,
Bosnia and Herzegovina,-0.387543082,-0.282097161,-0.324706376,-0.232808679,-0.3014144,-0.374117345,-0.360781223,-0.379986048,-0.336401552,-0.326692939,-0.309364051,-0.244675368,-0.30006659,-0.417883575,-0.486797899,-0.554221451,-0.60617435,-0.647259772,-0.643099904,-0.66607517,-0.684315622,-0.581560016,,,
Belarus,-0.657884896,-0.537339866,-0.759292543,-0.723230779,-0.52986896,-0.574205935,-0.559036314,-0.56215173,-0.633431315,-0.619015694,-0.458519369,-0.405309916,-0.234991431,-0.315615207,-0.223861918,-0.24123624,-0.155491337,0.006896552,-0.134194106,-0.258520454,-0.579731464,-0.665028036,,,
Belize,-0.070856519,-0.10321895,-0.103965633,-0.201737866,-0.31359604,-0.324733347,-0.302956253,0.041316897,-0.023574317,-0.307089061,-0.030974895,0.020539243,-0.159672827,-0.209489331,-0.229907274,-0.30554679,-0.169633418,-0.191255376,-0.193254113,-0.330120027,-0.236913636,-0.226113811,,,
Bermuda,1.310743809,1.33278954,1.306410432,1.269663095,1.25131321,1.26187098,1.27677536,1.317764997,1.301772714,1.272298098,1.260530829,1.253580928,1.220693946,1.151729107,1.15941143,1.171781301,1.178940058,1.176189423,1.265453935,1.279687047,1.270272374,1.251356125,,,
Bolivia,-0.940807521,-0.853618503,-0.809159338,-0.741979063,-0.431123644,-0.402193725,-0.528391659,-0.631416976,-0.458648711,-0.573696494,-0.727891862,-0.587968886,-0.628802955,-0.717874646,-0.77488637,-0.701330721,-0.688641131,-0.781365752,-0.844824612,-0.883800149,-0.889700353,-0.838301063,,,
Brazil,0.081942312,0.090239018,-0.027268711,-0.15374814,-0.120479897,-0.083988786,0.003437368,-0.079985611,0.043806359,0.168382421,-0.046854232,-0.097959608,-0.36611709,-0.457840711,-0.446095586,-0.559814632,-0.480954379,-0.407892704,-0.429083496,-0.499217957,-0.566354334,-0.503643155,,,
Barbados,1.485193968,1.497642756,1.408980489,1.410587668,1.325771332,1.402494311,1.358608723,1.376189828,1.476755738,1.717747927,1.648287773,1.612309098,1.133057833,1.447721362,1.213547945,1.376136065,1.371705532,1.159040928,1.19359374,1.213144422,1.284738302,1.344585896,,,
Brunei Darussalam,0.291513354,0.294731706,0.39448899,0.239500239,0.201880708,0.209355533,0.482722253,0.984291792,0.857778549,0.854477346,0.538632572,0.639075398,0.526229799,0.535382152,0.531200409,0.675679505,0.760663569,0.76798594,1.248015285,1.216532826,1.175192595,1.278036118,,,
Bhutan,0.449922442,1.087011099,0.893403232,0.87191695,0.854816735,0.92875576,0.912390053,0.937309504,0.938382149,0.854587376,0.953947246,0.912137926,1.305882335,0.989430189,1.089875937,1.525725126,1.59020102,1.572299004,1.618371844,1.507002592,1.514781833,1.531422734,,,
Botswana,0.624537587,1.244919538,0.875725925,1.160792708,0.93653053,0.993910909,1.022529721,0.927733779,1.003351092,0.966567457,0.90651536,0.893460572,0.812723756,0.780862451,0.866951287,0.712409794,0.719060421,0.685445845,0.610775888,0.665120006,0.661908507,0.685792089,,,
Central African Republic,-0.979822814,-1.020734549,-1.477273107,-1.302766085,-1.219142318,-1.210953355,-1.137276769,-0.988850176,-0.9376055,-0.967538118,-1.005531907,-1.096205235,-1.166866422,-1.327413559,-1.305119753,-1.198327541,-1.233306646,-1.234152675,-1.295017958,-1.246621132,-1.246146679,-1.311393023,,,
Canada,1.982231498,1.931292057,1.805866241,1.86970067,1.952794552,1.99088037,1.987721443,2.051796675,2.061873198,1.971133471,1.918904424,1.879377961,1.832192659,1.845650196,1.944465518,1.881446004,1.79020822,1.729896784,1.56571281,1.616268754,1.658573031,1.67150104,,,
Central Europe and the Baltics,,,,,,,,,,,,,,,,,,,,,,,,,
Switzerland,2.059014559,2.012480974,1.985262632,2.010125875,2.083408356,2.140349388,2.108572006,2.060199976,2.064142466,2.029069901,2.13839817,2.124894381,2.147577286,2.094741821,1.942986488,1.945187926,1.96969378,1.94492662,2.045429468,1.958838105,2.009361982,2.021999121,,,
Channel Islands,,,,,,,,,,,,,,,,,,,,,,,,,
Chile,1.479165316,1.167100906,1.305859327,1.41652751,1.412561893,1.345149994,1.317986846,1.321234822,1.441626906,1.47659266,1.543591261,1.498928189,1.440734148,1.182457328,1.022761106,1.001655817,0.958202481,0.978930891,1.106137156,0.95626688,0.968124032,0.96860379,,,
China,-0.557897568,-0.39526549,-0.565061569,-0.617887735,-0.518887699,-0.599234641,-0.526307642,-0.519456625,-0.570009887,-0.514727592,-0.438275933,-0.355887651,-0.337719589,-0.29992187,-0.268094301,-0.291626126,-0.286848217,-0.312614381,-0.071028143,0.030233584,0.016063672,-0.005370105,,,
Cote d'Ivoire,-0.801531196,-1.013844848,-1.241323471,-1.249787211,-1.20752883,-1.095069647,-1.119051337,-1.117385149,-1.172854543,-1.030993581,-0.838509381,-0.740123451,-0.419227511,-0.462360084,-0.555474997,-0.550498962,-0.526206732,-0.563736856,-0.551726758,-0.39522925,-0.33870557,-0.313007414,,,
Cameroon,-1.209111929,-0.981341302,-1.125436306,-1.199409604,-1.091455698,-1.033044815,-1.034228325,-1.020551085,-1.07531774,-1.16692555,-1.27243948,-1.217723012,-1.178884149,-1.096586347,-1.179418206,-1.225168586,-1.163068771,-1.217361093,-1.139536023,-1.115983486,-1.129714251,-1.162559748,,,
"Congo, Dem. Rep.",-1.449970841,-1.526455402,-1.444693923,-1.443382263,-1.540507793,-1.381071568,-1.261194229,-1.41292572,-1.457886696,-1.457506299,-1.329710841,-1.338340998,-1.321131706,-1.311215997,-1.367026448,-1.445294261,-1.517855287,-1.555470347,-1.592743516,-1.569615364,-1.544922113,-1.480511904,,,
"Congo, Rep.",-1.009017944,-1.090136647,-1.03629005,-1.059439778,-1.108278513,-1.160955787,-1.193248868,-1.213840961,-1.157320261,-1.144993901,-1.229751229,-1.176946998,-1.200222015,-1.271177769,-1.22733891,-1.366678953,-1.378056645,-1.436109304,-1.460652351,-1.392010927,-1.359779477,-1.345278859,,,
Colombia,-0.264330655,-0.204286307,-0.140631452,-0.145389393,-0.175137788,-0.279160351,-0.261542618,-0.337012529,-0.423333108,-0.317527682,-0.422298342,-0.441208124,-0.397509813,-0.352601826,-0.384617507,-0.429829597,-0.340439767,-0.283615679,-0.252498597,-0.365944803,-0.362088114,-0.309191287,,,
Comoros,-0.67476815,-0.693807721,-0.864246011,-0.887240291,-0.700171769,-0.691559911,-0.772487402,-0.812594295,-0.78624922,-0.803916514,-0.781551659,-0.732214689,-0.586699247,-0.769919634,-0.706793725,-0.710437715,-0.852027416,-1.058385015,-1.209177613,-1.310240626,-1.244991899,-0.990109265,,,
Cabo Verde,0.495939344,0.478955358,0.338964373,0.590595901,0.838406205,0.918705285,0.900168598,0.892971933,0.877152562,0.924242795,0.885680318,0.851966083,0.970862925,0.929722607,0.844147325,0.796454072,0.755423963,0.851012945,0.846103609,1.016379118,0.959875286,0.984857202,,,
Costa Rica,0.444571555,0.516545832,0.284917921,0.365192473,0.378651321,0.457115024,0.493208975,0.715470135,0.664391637,0.593173563,0.570753694,0.577441454,0.725378335,0.687055707,0.678310812,0.432391852,0.501138449,0.626857102,0.661411285,0.470307708,0.465857774,0.653749406,,,
Caribbean small states,,,,,,,,,,,,,,,,,,,,,,,,,
Cuba,0.401489079,0.220001534,0.217612058,0.268494964,0.252376884,0.301246494,0.262841046,0.274810225,0.308642894,0.26503998,0.228043005,0.113214754,0.062706463,0.03837892,0.135588765,0.232622489,0.134250969,0.014878592,-0.153954476,-0.033175822,-0.069265679,-0.05509086,,,
Curacao,,,,,,,,,,,,,,,,,,,,,,,,,
Cayman Islands,1.310743809,1.33278954,1.259595275,1.269663095,1.25131321,1.26187098,0.797165334,1.109147549,1.121295571,1.344402432,1.346243501,1.351991653,1.014001012,0.973310769,0.482039273,0.480952531,0.45604834,0.427906752,0.438464016,0.46845305,0.457700431,0.437594086,,,
Cyprus,1.126284242,1.192308187,0.873254597,0.899039984,1.085562587,1.073370457,1.193127513,0.9054178,0.969285846,0.859248042,1.243302345,1.238527775,1.070675373,0.971173227,0.78945446,0.746647298,0.607749343,0.598950326,0.349943221,0.369423598,0.421445221,0.332707405,,,
Czechia,0.358057916,0.489982098,0.38449049,0.48022601,0.350346774,0.321369082,0.343739986,0.380892634,0.384590119,0.383604437,0.310179651,0.299111813,0.429756612,0.467913359,0.555945516,0.568141341,0.509728491,0.533485949,0.555441022,0.615270674,0.663074553,0.767809868,,,
Germany,1.888743639,1.87576139,1.840065479,1.875442266,1.793642521,1.726519346,1.745895863,1.746210337,1.766428828,1.741949916,1.817630172,1.798000813,1.812294841,1.775833249,1.781293988,1.796975613,1.898398638,1.865103364,1.825341582,1.782924771,1.818363428,1.664166212,,,
Djibouti,-0.628373802,-0.648552418,-0.429071277,-0.711830616,-0.667271733,-0.542462528,-0.303243905,-0.367729425,-0.402063727,-0.421640873,-0.470184714,-0.550392866,-0.59669584,-0.697522461,-0.689762235,-0.671423614,-0.743121624,-0.880485117,-0.752914548,-0.805005491,-0.793266594,-0.78092742,,,
Dominica,0.850210369,0.854120076,0.759357512,0.743590176,0.689822674,0.705601811,0.791117251,0.80834341,0.771071732,0.768938184,0.69570899,0.692387104,0.691183269,0.60711211,0.624173343,0.6347422,0.535799265,0.521607757,0.556784511,0.547485948,0.539586186,0.544514537,,,
Denmark,2.310651064,2.358764887,2.406824589,2.278205633,2.459118366,2.434834003,2.376408815,2.435494423,2.352359056,2.392884016,2.382462263,2.399377823,2.25215745,2.185854197,2.203002691,2.190749168,2.156995773,2.12164855,2.236486197,2.333371401,2.402638197,2.376053095,,,
Dominican Republic,-0.472972482,-0.728653252,-0.592195392,-0.710663259,-0.723454773,-0.77585125,-0.752358675,-0.80672878,-0.8830809,-0.844827235,-0.897264659,-0.912038088,-0.842135191,-0.873729885,-0.81047219,-0.78759861,-0.830888629,-0.83899039,-0.750963449,-0.590438902,-0.439807773,-0.449474931,,,
Algeria,-0.928754985,-0.715244472,-0.699272692,-0.466420472,-0.564962566,-0.592309475,-0.633444846,-0.614938259,-0.552147269,-0.572699666,-0.521544516,-0.472966939,-0.613117993,-0.639462769,-0.673700511,-0.598896265,-0.658903956,-0.656169534,-0.666826963,-0.635961413,-0.638041079,-0.589308321,,,
East Asia & Pacific (excluding high income),,,,,,,,,,,,,,,,,,,,,,,,,
Early-demographic dividend,,,,,,,,,,,,,,,,,,,,,,,,,
East Asia & Pacific,,,,,,,,,,,,,,,,,,,,,,,,,
Europe & Central Asia (excluding high income),,,,,,,,,,,,,,,,,,,,,,,,,
Europe & Central Asia,,,,,,,,,,,,,,,,,,,,,,,,,
Ecuador,-0.868261039,-0.728124201,-0.726669908,-0.735878944,-0.784096122,-0.74563235,-0.654705822,-0.744574428,-0.70774436,-0.641708136,-0.508597851,-0.502911985,-0.741118491,-0.672376871,-0.680792749,-0.626104653,-0.629500389,-0.509275019,-0.504086554,-0.59461385,-0.630264878,-0.647337437,,,
"Egypt, Arab Rep.",-0.440157712,-0.53074795,-0.58350575,-0.539499521,-0.737334073,-0.737870097,-0.765909255,-0.464862794,-0.596871853,-0.633263946,-0.57966435,-0.614102066,-0.575518012,-0.60090673,-0.590893149,-0.495982349,-0.514722347,-0.655317545,-0.810433626,-0.705943346,-0.678962171,-0.747790396,,,
Euro area,,,,,,,,,,,,,,,,,,,,,,,,,
Eritrea,0.125430346,-0.048502833,-0.148119673,-0.318069249,-0.345739335,-0.411584377,-0.358149886,-0.473421842,-0.550964773,-0.641272008,-0.778626442,-0.909558475,-0.885516047,-1.339490652,-1.344418287,-1.231316328,-1.322522044,-1.407732368,-1.340578318,-1.257548571,-1.282246232,-1.475264907,,,
Spain,1.316825151,1.348911166,1.337189078,1.327615857,1.177665472,1.079032421,1.178771973,1.054948092,1.160037041,1.163212419,1.170406342,0.926990271,0.689240038,0.63098675,0.569826066,0.510279894,0.612778783,0.666394532,0.711801946,0.715437472,0.685416162,0.629368722,,,
Estonia,0.739191175,0.922725499,0.982846856,0.994831264,1.012343884,0.96780771,0.952435076,1.000682592,0.989536285,1.045448303,1.088298321,1.181444526,1.298770547,1.255370736,1.231093168,1.202630877,1.468503714,1.525247574,1.58082056,1.506608486,1.544712782,1.538122296,,,
Ethiopia,-0.717909098,-0.777412176,-0.757493496,-0.772508383,-0.650104702,-0.632185876,-0.666399777,-0.704722345,-0.694108725,-0.667876601,-0.608586848,-0.501710415,-0.448165894,-0.476118475,-0.442086548,-0.582322061,-0.505317926,-0.434498817,-0.389672369,-0.422021747,-0.433258951,-0.465061635,,,
European Union,,,,,,,,,,,,,,,,,,,,,,,,,
Fragile and conflict affected situations,,,,,,,,,,,,,,,,,,,,,,,,,
Finland,2.369009733,2.374123812,2.410111427,2.314718962,2.454110861,2.389477491,2.320845842,2.240718603,2.151669741,2.191915035,2.226846695,2.200242758,2.15926671,2.21564579,2.186306953,2.162336588,2.171759129,2.113932848,2.17043972,2.237840652,2.246865034,2.221516609,,,
Fiji,0.610876262,0.276081532,0.290086865,-0.224626929,0.184131041,0.121460937,0.098341845,-0.154777318,-0.159897983,0.108835898,0.181172475,0.196483538,0.385087878,0.378061682,0.335585773,0.638820291,0.699951291,0.688054383,0.613366008,0.443440259,0.388872087,0.506272018,,,
France,1.191585183,1.305756092,1.311163783,1.357538223,1.45506084,1.456001759,1.39503479,1.429969311,1.487756133,1.537773252,1.471969485,1.304333687,1.287985563,1.247834802,1.328288913,1.224527001,1.2815516,1.248062253,1.122619987,1.281936288,1.259436131,1.184821844,,,
Faroe Islands,,,,,,,,,,,,,,,,,,,,,,,,,
"Micronesia, Fed. Sts.",,,0.32329455,-0.12089359,-0.104157448,-0.24031949,-0.217524931,-0.219170406,-0.259419352,-0.344322592,-0.12400189,-0.179501384,0.814282,0.678406954,0.705651104,0.768536806,0.672313213,0.710593283,0.874902904,0.563497782,0.483295739,0.783704281,,,
Gabon,-0.520378828,-0.553776979,-0.826650083,-0.660073698,-1.083067894,-1.166331768,-1.16565454,-1.077147484,-0.905257821,-0.893178523,-0.666252255,-0.634305477,-0.678029418,-0.723602355,-0.758754313,-0.8418926,-0.85915345,-0.887044489,-0.886901438,-0.86800009,-1.042976618,-1.01552844,,,
United Kingdom,2.002636671,1.982953906,1.910911679,1.89147985,1.782940269,1.732870221,1.668904305,1.623889804,1.605673909,1.614863515,1.665460467,1.718897581,1.746339202,1.831268311,1.850517273,1.814270496,1.806870818,1.748667479,1.660201192,1.640584111,1.620121479,1.480913877,,,
Georgia,-1.264141917,-0.650767446,-0.459568113,-0.212853789,0.050152458,-0.128835425,-0.102076381,-0.122036166,0.012301577,0.117519699,0.397421122,0.46361962,0.828279138,0.700735152,0.713530719,0.759495616,0.724816799,0.716545463,0.601492643,0.661079526,0.620420039,0.617694795,,,
Ghana,-0.342790067,-0.311426789,-0.279528439,-0.3687464,-0.014181604,0.038147695,-0.077458486,-0.009987613,0.014280469,-0.029126318,-0.126568556,-0.096715234,-0.195330203,-0.210838303,-0.175533578,-0.253390342,-0.13836363,-0.108660869,-0.127223,-0.128043622,-0.064371035,-0.099021114,,,
Gibraltar,,,,,,,,,,,,,,,,,,,,,,,,,
Guinea,-0.767053604,-0.888901353,-0.88760668,-1.073312879,-1.121541977,-1.292450428,-1.21101439,-1.096284151,-1.221938848,-1.12737143,-1.055663228,-1.04989922,-1.067463517,-1.014498711,-0.946929872,-1.037583351,-1.060088992,-0.91443634,-0.973217785,-1.020983338,-0.971789539,-0.897673428,,,
"Gambia, The",-0.233312801,-0.176545039,-0.522410035,-0.694694996,-0.729944289,-0.712738216,-0.714707136,-0.557290554,-0.587572575,-0.513804793,-0.65323174,-0.706211329,-0.694107413,-0.813720584,-0.850637615,-0.657835662,-0.50205189,-0.40711537,-0.424807698,-0.380903304,-0.275547713,-0.281129718,,,
Guinea-Bissau,-1.044214368,-1.127326012,-1.27454555,-1.174984336,-1.095482945,-1.204945683,-1.200396061,-1.21717298,-1.161557078,-1.186045289,-1.293287516,-1.341482759,-1.556959033,-1.509872556,-1.586539984,-1.596066117,-1.559087157,-1.49801743,-1.363286018,-1.320214152,-1.18545568,-1.17836988,,,
Equatorial Guinea,-1.222882509,-1.2759372,-1.380372643,-1.426847577,-1.362626076,-1.212375522,-1.198916078,-1.220263124,-1.234830737,-1.22866559,-1.239950657,-1.315907359,-1.540791154,-1.572475553,-1.603169918,-1.645761371,-1.543421268,-1.563867688,-1.539570451,-1.587349534,-1.601969361,-1.570372701,,,
Greece,0.403180629,0.363324076,0.450190425,0.351383656,0.357532442,0.261930704,0.126674965,0.062898904,-0.062511668,-0.101170935,-0.19037801,-0.075443044,-0.136098176,-0.119139403,-0.134527221,-0.112043098,-0.056208048,0.013698228,0.031950839,0.183011442,0.037597861,0.097846925,,,
Grenada,0.850210369,0.854120076,0.759357512,0.743590176,0.708866119,0.441427618,0.375134289,0.404830992,0.475884438,0.462857246,0.446904987,0.450227886,0.313041896,0.539932907,0.561088204,0.459925413,0.370333999,0.338273108,0.357770383,0.494541526,0.484212607,0.55816859,,,
Greenland,,,,,,,,1.183344483,1.210366488,1.221385837,1.213781714,1.235542297,1.203248262,1.158835292,1.132274628,1.149085402,1.144117713,1.112084985,1.009983063,1.001863241,1.029092789,1.028274775,,,
Guatemala,-0.660021722,-0.73712796,-0.619750619,-0.684203923,-0.837902725,-0.769333959,-0.666637182,-0.533482134,-0.540784419,-0.537248194,-0.678762555,-0.639291465,-0.756552994,-0.781392336,-0.791301847,-0.787501216,-0.82176429,-0.915584147,-1.134097815,-1.192652345,-1.210148692,-1.121612906,,,
Guam,,,0.370109558,0.789309144,0.775587142,0.784966588,0.797165334,0.832615554,0.815264821,0.791372001,0.779971004,0.778291643,1.220693946,1.151729107,1.15941143,1.171781301,1.178940058,1.176189423,1.265453935,1.279687047,1.270272374,1.251356125,,,
Guyana,-0.26159507,-0.357633144,-0.400268286,-0.558261573,-0.583094895,-0.592017114,-0.556314647,-0.539242208,-0.562469244,-0.619942248,-0.761781573,-0.651954174,-0.741052151,-0.657630563,-0.348007828,-0.531101525,-0.250006974,-0.142694622,-0.173186764,-0.187317982,-0.295522034,-0.383745015,,,
High income,,,,,,,,,,,,,,,,,,,,,,,,,
"Hong Kong SAR, China",1.666941762,1.800160408,1.849274278,1.770194054,1.857166886,1.908177853,1.886837244,1.876695275,1.954417706,1.845635533,1.732589602,1.636149526,1.615285397,1.610596776,1.517090917,1.572130442,1.637558818,1.652728677,1.617110729,1.679442525,1.610761762,1.625145435,,,
Honduras,-1.019552112,-0.974429309,-0.946081817,-0.81975615,-0.833331823,-0.791543305,-0.915665329,-0.908242762,-0.889169753,-0.833935797,-0.955132008,-0.94505918,-0.787561238,-0.589746416,-0.67940253,-0.738785088,-0.656895399,-0.875853598,-0.988051236,-1.091472626,-1.002288342,-1.111958146,,,
Heavily indebted poor countries (HIPC),,,,,,,,,,,,,,,,,,,,,,,,,
Croatia,0.225011632,0.258523047,0.239370078,0.139555231,0.044990115,0.059037972,-0.05050467,-0.086094983,0.023101466,0.027720679,-0.025457293,0.107450113,0.200835213,0.199906364,0.155666068,0.059624635,0.046769924,0.052447699,0.177110493,0.037536457,0.147807404,0.181928679,,,
Haiti,-1.506175399,-1.584855795,-1.460177302,-1.391284227,-1.326422453,-1.290741682,-1.215589523,-1.095069528,-1.189320803,-1.237703323,-1.240631819,-1.135524273,-1.239637733,-1.25860095,-1.354207993,-1.258248806,-1.28570652,-1.347186327,-1.346688509,-1.44170785,-1.459187508,-1.443874121,,,
Hungary,0.574014664,0.635689139,0.665135562,0.625532269,0.633171618,0.595291078,0.434097022,0.395329833,0.303954065,0.332649559,0.298703164,0.293921649,0.156544849,0.118709452,0.072164074,0.090621345,0.055339221,0.030637173,0.068954095,0.01195485,-0.103261694,-0.000498131,,,
IBRD only,,,,,,,,,,,,,,,,,,,,,,,,,
IDA & IBRD total,,,,,,,,,,,,,,,,,,,,,,,,,
IDA total,,,,,,,,,,,,,,,,,,,,,,,,,
IDA blend,,,,,,,,,,,,,,,,,,,,,,,,,
Indonesia,-1.137302995,-0.979823589,-0.976611793,-0.906051815,-0.86427629,-0.630509198,-0.639086068,-0.889640629,-0.803534508,-0.7558707,-0.689105809,-0.660291791,-0.598005831,-0.519084394,-0.463151515,-0.305278927,-0.299604297,-0.473498523,-0.454962939,-0.449847877,-0.435335577,-0.486872196,,,
IDA only,,,,,,,,,,,,,,,,,,,,,,,,,
Isle of Man,,,,,,,,,,,,,,,,,,,,,,,,,
India,-0.55538249,-0.456320524,-0.448476195,-0.363160849,-0.274562806,-0.397690296,-0.339097977,-0.452406287,-0.463754565,-0.540835857,-0.51396811,-0.517280996,-0.457605749,-0.40657419,-0.337335646,-0.291900009,-0.229758978,-0.30260244,-0.293598413,-0.317147106,-0.322223276,-0.366014749,,,
Not classified,,,,,,,,,,,,,,,,,,,,,,,,,
Ireland,1.368625998,1.41381526,1.270406127,1.584446549,1.70114398,1.739237309,1.735993505,1.750300288,1.681157708,1.556076646,1.455700159,1.646044135,1.692251205,1.673640013,1.649452686,1.529602289,1.5349406,1.458814383,1.535128117,1.619385481,1.674414754,1.575288892,,,
"Iran, Islamic Rep.",-0.218060061,-0.311086535,-0.359162539,-0.477626026,-0.484105498,-0.556039274,-0.755060852,-0.767309308,-0.948633969,-0.880579233,-0.79734683,-0.693914533,-0.625611603,-0.634078562,-0.739870667,-0.838968337,-0.984446704,-1.07153976,-1.111130714,-1.116213441,-1.126616478,-1.23189044,,,
Iraq,-1.393146873,-1.209322333,-1.489415765,-1.377784133,-1.450710416,-1.461376786,-1.462235451,-1.328081846,-1.363127232,-1.258064747,-1.248227,-1.315689564,-1.36365664,-1.433206916,-1.462161541,-1.431630611,-1.458310366,-1.389825702,-1.333770752,-1.269268394,-1.213353038,-1.321037531,,,
Iceland,2.194614172,2.22752285,2.167231798,2.301355362,2.172911167,2.197670221,2.327251434,2.031520128,1.934969664,1.932823181,1.878031492,1.904866219,1.823646665,1.897815824,1.903639555,1.794643283,1.805603027,1.670637608,1.666864395,1.760120511,1.567499638,1.551306129,,,
Israel,1.196318507,1.084417462,0.911944389,0.823018372,1.000245214,0.843343794,0.884931147,0.803259552,0.750026703,0.797708333,0.902115405,0.905973852,0.86055541,0.906771839,1.147175431,0.790212035,0.753730357,0.773935139,0.536611319,0.829447269,0.781028926,0.829359412,,,
Italy,0.523466825,0.484606415,0.361397028,0.403579652,0.477287948,0.331189245,0.262665063,0.194480166,0.283443719,0.299565822,0.172010645,0.070905864,0.005657753,0.026577624,0.081554696,0.175231233,0.215687439,0.233934671,0.50953573,0.517084956,0.527714252,0.550129175,,,
Jamaica,-0.511592388,-0.435169965,-0.393378407,-0.342859566,-0.291285038,-0.338424057,-0.336699635,-0.321954697,-0.265738726,-0.18736437,-0.285973221,-0.304508418,-0.325879484,-0.284242004,-0.208746403,-0.224284202,-0.230745345,-0.113761455,-0.045829266,-0.053083986,-0.023321858,-0.112082988,,,
Jordan,-0.062323041,0.333168775,0.290117711,0.280934185,0.279343516,0.28726384,0.380167007,0.164729521,0.038314659,0.099442124,0.07058657,0.065707564,0.135080352,0.244334057,0.250693977,0.227175593,0.12416549,0.080459386,0.039052609,0.026578831,0.073028997,0.08865869,,,
Japan,0.936939836,1.169873714,1.200011015,1.210124135,1.320848703,1.230227828,1.32388854,1.369224548,1.553623199,1.55437541,1.618948698,1.648249269,1.690213561,1.52976644,1.482243896,1.48122704,1.388587594,1.430998325,1.463714361,1.535760522,1.539929628,1.395660639,,,
Kazakhstan,-1.113584757,-1.026523709,-1.105953693,-1.014963388,-0.995142639,-0.99224472,-0.980641484,-0.931518555,-1.001060009,-0.996684909,-0.921265781,-0.931235909,-0.825699031,-0.871615648,-0.832159817,-0.839968383,-0.492212445,-0.286037147,-0.378142864,-0.259969383,-0.185685605,-0.266593069,,,
Kenya,-1.003750563,-0.964616835,-0.897880256,-1.012536764,-0.935450912,-0.97859472,-1.068366289,-1.07073009,-0.911055028,-0.963742495,-1.098877668,-1.036190391,-0.939376116,-1.031232715,-0.914170921,-0.974906325,-0.863009214,-0.806061268,-0.875347614,-0.734718978,-0.759503603,-0.770913005,,,
Kyrgyz Republic,-1.06477046,-1.03281939,-1.097712159,-1.267269254,-1.325560451,-1.329097867,-1.232239485,-1.312827229,-1.175097346,-1.231965423,-1.150862575,-1.162298203,-1.130077958,-1.179519296,-1.105051279,-1.077679157,-0.961097419,-0.960630596,-1.124958396,-1.150495648,-1.230402827,-1.221095324,,,
Cambodia,-0.990784228,-0.989836037,-1.058346272,-1.223739982,-1.260385513,-1.151689529,-1.241710544,-1.181240082,-1.249007821,-1.255649567,-1.080681562,-1.064033985,-1.147173643,-1.153561711,-1.301627874,-1.316545367,-1.357102275,-1.323499918,-1.272041559,-1.197975516,-1.2416116,-1.299216747,,,
Kiribati,,,0.510554671,0.258307546,0.092326902,0.15075995,0.041243393,-0.13527441,-0.065665916,0.115431219,0.023241181,-0.025792362,0.289764941,0.246812597,0.290251106,0.41422987,0.348575413,0.368371487,0.467278957,0.282064795,0.236451626,0.411750495,,,
St. Kitts and Nevis,,,0.195867643,1.180838346,1.11961627,1.146967053,1.27677536,1.317764997,1.301772714,1.272298098,1.260530829,1.253580928,0.048896857,0.448299348,0.458995938,0.461347401,0.411499292,0.346149027,0.340769291,0.40632996,0.389969081,0.413433611,,,
"Korea, Rep.",0.489189267,0.544911742,0.37884891,0.5923329,0.30060637,0.56971693,0.425825089,0.499742419,0.426656723,0.483322471,0.495882243,0.581018269,0.512005866,0.339694709,0.420221448,0.445519388,0.572804868,0.704865277,0.698268294,0.733288467,0.748368859,0.894088566,,,
Kuwait,0.98154521,0.765973866,0.770029485,0.500354409,0.426627278,0.364861727,0.412061006,0.304186642,0.298077822,0.078883208,-0.197435707,-0.195235953,-0.246359721,-0.255415142,-0.298417151,-0.360093921,-0.316610694,-0.159423858,-0.091237791,-0.056214958,0.127275705,0.206611827,,,
Latin America & Caribbean (excluding high income),,,,,,,,,,,,,,,,,,,,,,,,,
Lao PDR,-0.673779786,-0.866406024,-1.14759469,-1.317613959,-1.331525683,-1.281310558,-1.206062913,-1.248842478,-1.195731044,-1.192968726,-1.025072455,-0.940677524,-0.853773773,-0.944427311,-0.986850142,-0.966396511,-0.997348785,-1.076882839,-1.083155751,-1.055114388,-0.965779245,-0.973836362,,,
Lebanon,-0.415403098,-0.612619996,-0.59286356,-0.532331884,-0.999498069,-0.939466238,-0.858251393,-0.871679723,-0.915250719,-0.900145948,-0.865690708,-0.9246068,-1.042650342,-0.90191257,-0.990380108,-1.028187871,-1.132961154,-1.169052362,-1.179520607,-1.248533964,-1.127301574,-1.227062464,,,
Liberia,-1.034288645,-1.151747227,-1.329605699,-1.201530457,-0.723485768,-0.476487666,-0.791121185,-0.607343435,-0.574574232,-0.690497637,-0.607038319,-0.718398809,-0.779788852,-0.667323768,-0.743276775,-0.687090397,-0.87186873,-0.917654991,-0.904334426,-0.937883019,-0.925476372,-0.888349295,,,
Libya,-0.944232821,-0.886524618,-0.915932536,-0.966960073,-1.087145448,-1.047780871,-0.975061655,-1.210370302,-1.262903452,-1.231681228,-1.315019011,-1.440853715,-1.52144289,-1.578502893,-1.578543305,-1.558173299,-1.530271649,-1.574897766,-1.583548188,-1.584979653,-1.526298285,-1.525018811,,,
St. Lucia,,,0.276366174,1.223055243,1.154476166,1.172405481,1.307724476,1.330940008,1.286739707,1.295473337,1.051899076,1.079824448,0.489098608,0.618412554,0.641073227,0.583985746,0.560321748,0.557323992,0.540252924,0.557626605,0.579390466,0.544128418,,,
Latin America & Caribbean,,,,,,,,,,,,,,,,,,,,,,,,,
Least developed countries: UN classification,,,,,,,,,,,,,,,,,,,,,,,,,
Low income,,,,,,,,,,,,,,,,,,,,,,,,,
Liechtenstein,1.310743809,1.33278954,1.35322547,1.269663095,1.25131321,1.085534811,1.175187707,1.678731322,1.839117169,1.804687262,1.793322086,1.834106445,2.077594519,2.010734081,1.983347416,1.998275518,1.95875442,1.920955062,1.959190845,1.665740252,1.714888096,1.710172415,,,
Sri Lanka,-0.216593146,-0.27202031,-0.167387903,-0.33986178,-0.194801018,-0.146113589,-0.21860835,-0.396393329,-0.41968292,-0.399362594,-0.241880506,-0.220972463,-0.345357031,-0.376923084,-0.3362104,-0.489904672,-0.352846652,-0.303988814,-0.330326974,-0.356694371,-0.383232534,-0.383976996,,,
Lower middle income,,,,,,,,,,,,,,,,,,,,,,,,,
Low & middle income,,,,,,,,,,,,,,,,,,,,,,,,,
Lesotho,-0.173949227,-0.170022607,-0.106747024,0.055084318,0.01058409,-0.05820239,0.061866838,0.171797961,0.184215263,0.156146213,0.126534462,0.279383391,0.199570894,0.023326905,-0.05242788,-0.059058353,-0.137125388,-0.122618347,-0.141021639,-0.345277399,-0.36864084,-0.509478509,,,
Late-demographic dividend,,,,,,,,,,,,,,,,,,,,,,,,,
Lithuania,0.20888038,0.35301125,0.369521201,0.311570793,0.155884758,0.103202336,0.112552218,0.226648018,0.372421801,0.319815338,0.386670023,0.418842435,0.553396463,0.582566559,0.676383555,0.518651903,0.466041952,0.666305542,0.778560698,0.824572265,0.746974111,0.78154552,,,
Luxembourg,2.010144949,1.643057108,1.822564006,1.647415757,1.873079538,1.961524487,1.957137346,1.963537812,2.038584948,2.153153419,2.114363909,2.115706205,2.069159031,2.053510666,2.049894571,1.941121459,2.048039198,2.072476864,2.023699522,1.840929389,1.88359046,1.926659107,,,
Latvia,0.010846358,0.242927805,0.153246522,0.367340833,0.356723547,0.338474423,0.230154261,0.202161014,0.203808978,0.279343724,0.238223135,0.321280241,0.409777433,0.434054464,0.395586461,0.500998259,0.29723978,0.480458021,0.693109572,0.720612168,0.693807185,0.698113978,,,
"Macao SAR, China",-0.070856519,0.854120076,1.400040507,0.508783102,0.345463097,0.44861266,0.431776792,0.160476461,0.412911594,0.433402777,0.417734087,0.546515465,0.843764782,0.569167733,0.793663919,0.594956994,0.674436092,0.664918542,0.768973529,0.815184593,0.868464589,0.849051774,,,
St. Martin (French part),,,,,,,,,,,,,,,,,,,,,,,,,
Morocco,-0.240059301,-0.319970191,-0.243782789,-0.425059497,-0.476106465,-0.386843711,-0.433665723,-0.367966145,-0.231423751,-0.452251226,-0.493130356,-0.423477381,-0.305471539,-0.286832571,-0.190850571,-0.199466482,-0.289455205,-0.333868355,-0.409950465,-0.418993622,-0.387477547,-0.536348581,,,
Monaco,,,,,,,,,,,,,,1.731615186,1.740128279,1.762287259,1.780649662,1.780229092,1.265453935,1.279687047,1.270272374,1.251356125,,,
Moldova,-0.980350196,-0.884173095,-1.039575577,-0.672625899,-0.643211901,-0.660764515,-0.634429693,-0.701457858,-0.671865046,-0.625150502,-0.614259124,-0.753976941,-0.854309618,-0.94736445,-0.990662038,-0.834933341,-0.758018732,-0.650996447,-0.586998105,-0.469503224,-0.34223628,-0.280338466,,,
Madagascar,0.001223482,-0.208431333,-0.323700607,-0.055555593,-0.182527557,-0.186032534,-0.266752243,-0.328544199,-0.417824775,-0.484609842,-0.670311391,-0.76415801,-0.843135118,-0.880302072,-0.93498826,-1.074303746,-1.021064162,-1.05258441,-1.010506511,-0.953181684,-0.969914019,-1.000182152,,,
Maldives,-0.085250728,-0.07650464,-0.283400595,-0.428582311,-0.602049053,-0.859824717,-0.819709837,-0.667673528,-0.539183974,-0.552542269,-0.697819233,-0.711625934,-0.316432625,-0.423619926,-0.586512804,-0.739739716,-0.831085265,-0.223864496,-0.285472602,-0.314849913,-0.332713664,-0.396943331,,,
"Middle East, North Africa, Afghanistan & Pakistan",,,,,,,,,,,,,,,,,,,,,,,,,
Mexico,-0.250572264,-0.241587132,-0.389334857,-0.344179541,-0.325125188,-0.341457367,-0.309849888,-0.365960121,-0.439748138,-0.474737763,-0.484527588,-0.591898561,-0.84301883,-0.888967395,-0.850662291,-0.952429533,-0.949163556,-0.917449772,-0.921630204,-1.020639896,-1.012086034,-1.020578742,,,
Marshall Islands,,,,-0.316166282,-0.6469087,-0.822250843,-0.764792681,-0.689701557,-0.716677845,-0.306141883,-0.224154845,-0.000456766,-0.012629051,0.64955157,0.705651104,0.768536806,0.348575413,0.368371487,0.467278957,0.417653382,0.385714829,0.411750495,,,
Middle income,,,,,,,,,,,,,,,,,,,,,,,,,
North Macedonia,-0.826058447,-0.651164174,-0.554222405,-0.488400877,-0.403454512,-0.394356847,-0.211421356,-0.146806985,-0.092976823,-0.106993712,-0.051175073,-0.056522742,-0.032754038,-0.266032279,-0.297931522,-0.328586072,-0.392622709,-0.456911981,-0.494269162,-0.375454426,-0.323990256,-0.348615468,,,
Mali,-0.724597514,-0.744711637,-0.677577555,-0.50025326,-0.479206234,-0.426211745,-0.537264764,-0.680893421,-0.676808715,-0.648009062,-0.831212103,-0.792306602,-0.75121516,-0.704493344,-0.677658141,-0.665663719,-0.711823046,-0.704530776,-0.800912976,-0.887136936,-0.844119906,-0.861831546,,,
Malta,0.774747252,0.918518543,0.831408501,0.816374123,1.002685428,1.015983105,0.987337589,0.766730249,0.784824491,0.758895993,0.935569167,0.976230741,0.846630216,0.864241838,0.683730662,0.703656733,0.547124088,0.209994376,0.342483103,0.292902559,0.238765001,0.109746583,,,
Myanmar,-1.303026319,-1.472589135,-1.649900556,-1.540683031,-1.659772635,-1.625574231,-1.615746021,-1.659667373,-1.672808766,-1.594689012,-1.069791675,-1.00620079,-0.884396434,-0.853926837,-0.641822934,-0.590482652,-0.612662673,-0.644901872,-0.679686844,-1.048220873,-1.151525855,-1.216499329,,,
"Middle East, North Africa, Afghanistan & Pakistan (excluding high income)",,,,,,,,,,,,,,,,,,,,,,,,,
Montenegro,-0.156703547,-0.411994487,-0.467464656,-0.354254246,-0.383750975,-0.381186187,-0.239523485,-0.219349295,-0.253896862,-0.222925067,-0.129764125,-0.287302703,-0.075530872,-0.123520963,-0.082080118,-0.084976211,-0.014757774,-0.030203432,-0.043737181,-0.04408969,-0.118748672,-0.079309873,,,
Mongolia,0.025880625,-0.221844956,-0.269411176,-0.604816973,-0.587645471,-0.613750696,-0.664763153,-0.761497498,-0.733134985,-0.696974516,-0.535095811,-0.478146493,-0.472313285,-0.517774403,-0.509957373,-0.47592327,-0.449105561,-0.45575434,-0.494853646,-0.553672433,-0.561183453,-0.492604405,,,
Northern Mariana Islands,,,,,,,,,,,,,,,,,,,,,,,,,
Mozambique,-0.499133259,-0.64217937,-0.613359034,-0.534635305,-0.618245721,-0.512877285,-0.487182707,-0.428717107,-0.436986297,-0.4961963,-0.569021642,-0.602838695,-0.669842422,-0.779485106,-0.902741551,-0.857399106,-0.809045613,-0.872100949,-0.787528455,-0.832316101,-0.835754335,-0.828437746,,,
Mauritania,-0.083033614,-0.074341983,-0.365095526,-0.535383821,-0.74640882,-0.576470912,-0.785068154,-0.608217955,-0.71273458,-0.641656637,-0.793573499,-0.846973956,-0.932971299,-0.939602792,-0.762259603,-0.77320534,-0.812440693,-0.866159081,-0.815433323,-0.84248513,-0.790683806,-0.822652638,,,
Mauritius,0.328717023,0.192945927,0.152764663,0.219137654,0.273244053,0.350999236,0.440310746,0.46592325,0.482350141,0.463920891,0.252168298,0.251939684,0.317739755,0.223563492,0.106664188,0.15634796,0.1862856,0.21040377,0.44104737,0.44236815,0.420371741,0.45319736,,,
Malawi,-1.021617532,-0.758814633,-0.801194429,-0.715679586,-0.549526334,-0.516006529,-0.445902675,-0.405897647,-0.488746434,-0.426366478,-0.477253526,-0.619961083,-0.761593223,-0.794206321,-0.784892559,-0.687570572,-0.765857875,-0.78355056,-0.39216423,-0.322536081,-0.60885191,-0.602811515,,,
Malaysia,0.246729285,0.315719813,0.323187053,0.170079783,0.213225633,0.166801289,-0.090506412,-0.093942709,0.057084449,0.022571575,0.213312954,0.333269119,0.396519065,0.18163617,0.02742465,-0.006094724,0.299851537,0.232962102,0.228581384,0.146233186,0.248940766,0.295621365,,,
North America,,,,,,,,,,,,,,,,,,,,,,,,,
Namibia,0.114022799,0.189308584,0.115224101,0.150281817,0.196952045,0.311637253,0.641149759,0.269764304,0.315519512,0.277477235,0.321495771,0.303884655,0.261380643,0.270016462,0.280629367,0.261462808,0.306939095,0.312310964,0.268673807,0.220228925,0.215130419,0.110072032,,,
New Caledonia,,,,,,,,,,,,,,,,,,,,,,,,,
Niger,-1.020486593,-0.916420162,-0.887320101,-0.724550962,-0.848922551,-0.761082709,-0.730393648,-0.611198545,-0.658249199,-0.652857542,-0.647685707,-0.619116426,-0.695517004,-0.674528837,-0.666049778,-0.687655807,-0.592982829,-0.567891419,-0.66267544,-0.58069849,-0.584792078,-0.563843966,,,
Nigeria,-1.502067566,-1.417653799,-1.383372903,-1.180775523,-1.126394391,-1.066939831,-0.900948942,-1.041885853,-1.051508546,-1.189361453,-1.175933242,-1.227050304,-1.283923149,-1.096086144,-1.045318961,-1.099155903,-1.083862424,-1.113170505,-1.118567109,-1.10122788,-1.129682302,-1.040974379,,,
Nicaragua,-0.479136646,-0.541941702,-0.446660161,-0.616481483,-0.673504472,-0.767759442,-0.768929601,-0.727106392,-0.755830348,-0.737969637,-0.78167814,-0.73852396,-0.887541771,-0.907448709,-0.897035599,-0.895630002,-1.024010181,-1.03215003,-1.180352092,-1.255249143,-1.287625432,-1.388440132,,,
Netherlands,2.068361998,1.995902896,1.975515485,1.960848689,2.040526152,2.159472227,2.102768421,2.124158621,2.090060711,2.08139801,2.090583324,2.016869783,1.96052146,1.833373189,1.858350754,1.745578885,1.88914597,1.867612481,1.999983191,2.004242182,1.917200089,1.867100477,,,
Norway,2.114974499,2.010966539,1.912864566,2.000252724,2.123553276,1.98258388,1.891875744,1.984983444,2.07725215,2.142632484,2.247982264,2.286928415,2.222682953,2.200293064,2.149504662,2.191245556,2.050310373,2.03375411,2.065769196,2.108310461,2.067638397,2.113521576,,,
Nepal,-0.463561416,-0.588842928,-0.953119218,-0.742212892,-0.692943096,-0.791534424,-0.818007648,-0.704490542,-0.695682704,-0.78744036,-0.814642906,-0.688966632,-0.588949203,-0.603533506,-0.826784909,-0.775453687,-0.689042509,-0.691426873,-0.598485827,-0.556707025,-0.532767117,-0.507927954,,,
Nauru,,,,,,-0.356638461,-0.328292847,-0.399734557,0.009977117,-0.047846243,-0.024551125,-0.648547411,-0.475804955,0.515735567,0.582053721,0.561709404,0.511030793,0.530461669,0.599220514,0.60497576,0.601780057,0.588616431,,,
New Zealand,2.262573242,2.284625292,2.352138042,2.19131422,2.322551012,2.317683935,2.297525167,2.380318642,2.3294034,2.290867567,2.307887793,2.334189177,2.249412298,2.233211517,2.236731529,2.195915461,2.135425806,2.130933762,2.116907597,2.169758081,2.163233995,2.084095478,,,
OECD members,,,,,,,,,,,,,,,,,,,,,,,,,
Oman,0.903639674,0.560884476,0.657538533,0.387739003,0.345938504,0.345133305,0.506844521,0.327373415,0.319510162,0.13220188,0.175082937,0.152467921,0.304507285,0.236111432,0.30525741,0.214597568,0.21516037,0.421262175,0.20332709,0.062241416,0.052637935,0.215157956,,,
Other small states,,,,,,,,,,,,,,,,,,,,,,,,,
Pakistan,-0.955985904,-0.804457188,-1.178812027,-1.062045574,-0.818344295,-0.818873346,-0.899149179,-1.075625777,-1.089610696,-1.083392024,-1.068792224,-0.962785661,-0.839294553,-0.834522724,-0.900909364,-0.802612305,-0.801856637,-0.879992425,-0.857438266,-0.810481548,-0.804350376,-0.999357462,,,
Panama,-0.335230827,-0.395565361,-0.300811678,-0.390578359,-0.363584548,-0.339885622,-0.101286359,-0.327103823,-0.358153433,-0.354332805,-0.395119667,-0.381226212,-0.370015204,-0.434962153,-0.573966324,-0.613697469,-0.610337615,-0.64382714,-0.58416152,-0.591640532,-0.634862423,-0.628094196,,,
Peru,-0.30640474,-0.154854536,-0.429986924,-0.367371053,-0.221562147,-0.272556156,-0.206874341,-0.332539886,-0.253887415,-0.243967727,-0.404069632,-0.460946977,-0.599980474,-0.60391736,-0.430348158,-0.562385023,-0.597973228,-0.509501398,-0.524636924,-0.653799653,-0.808002055,-0.721040905,,,
Philippines,-0.538531899,-0.635371625,-0.707702458,-0.662843585,-0.889426827,-0.778005183,-0.778095126,-0.78673923,-0.781123996,-0.685034811,-0.573895454,-0.380065739,-0.439754605,-0.481130987,-0.519234538,-0.507541537,-0.576294243,-0.606206954,-0.510658324,-0.530111015,-0.541212201,-0.537639976,,,
Palau,,,,,,,-0.328292847,-0.399734557,-0.502526104,-0.536440134,-0.433817923,-0.648547411,-0.475804955,0.515735567,0.582053721,0.561709404,0.511030793,0.530461669,0.599220514,0.60497576,0.601780057,0.588616431,,,
Papua New Guinea,-0.947748065,-0.813447833,-0.995903432,-1.151023388,-1.139937162,-1.118341684,-1.17647028,-1.242565989,-1.039379001,-1.0335747,-0.938103914,-0.958846331,-0.910122633,-0.953294218,-0.942301393,-0.912016869,-0.867965519,-1.002208829,-0.596797168,-0.770542502,-0.696280241,-0.657154024,,,
Poland,0.381513625,0.401545793,0.106035829,0.247518659,0.25655055,0.283813983,0.452767491,0.43509984,0.513736725,0.562475681,0.659753621,0.645680547,0.681905627,0.694461524,0.759568095,0.698781192,0.622786522,0.611018896,0.618671596,0.546135545,0.506645441,0.565399945,,,
Pre-demographic dividend,,,,,,,,,,,,,,,,,,,,,,,,,
Puerto Rico (US),1.310743809,1.33278954,1.259595275,1.269663095,0.506991565,0.405738354,0.407875597,0.483497262,0.472344607,0.431618601,0.533097982,0.46619001,0.45636633,0.047225419,-0.009525355,0.09721829,0.001306514,-0.023611831,-0.018320566,0.36853826,0.113632426,0.019601461,,,
"Korea, Dem. People's Rep.",-1.026662588,-1.431557894,-1.385844946,-1.284464478,-1.44351685,-1.543960094,-1.518466353,-1.289080858,-1.283196568,-1.31766355,-1.287028551,-1.291284204,-1.304520607,-1.273110151,-1.462063909,-1.502041936,-1.588039517,-1.609060407,-1.702882886,-1.622232199,-1.606018543,-1.584476352,,,
Portugal,1.218020082,1.119102359,1.125666976,1.061878324,1.00923574,1.028802752,1.059230208,1.085582972,1.062663555,1.081251621,0.955447733,0.912171781,0.909372628,0.892139912,0.858934999,0.821428776,0.80631566,0.745498478,0.721146345,0.741993845,0.728919625,0.69631207,,,
Paraguay,-1.365068436,-1.436838865,-1.426462889,-1.355833054,-1.16153121,-1.211035728,-0.979693532,-0.788950503,-0.707593381,-0.695635736,-0.850602806,-1.048131943,-1.011079431,-1.018919945,-0.763090432,-0.750717938,-0.870756984,-0.893645704,-0.857888103,-1.02654171,-1.090579629,-1.057722926,,,
West Bank and Gaza,-0.329601347,-0.378244728,-0.021255206,-0.49689728,-0.303130627,-0.116835959,-0.440319508,-0.108424991,-0.113489479,-0.453298777,-0.25758794,-0.258748084,-0.284091651,-0.485898137,-0.18277587,-0.060605384,-0.225766197,-0.353756547,-0.576270461,-0.761468053,-0.702707529,-0.676133513,,,
Pacific island small states,,,,,,,,,,,,,,,,,,,,,,,,,
Post-demographic dividend,,,,,,,,,,,,,,,,,,,,,,,,,
French Polynesia,,,,,,,,,,,,,,,,,,,,,,,,,
Qatar,0.658825338,0.507493377,0.504270613,0.70509094,0.92312324,0.670674503,0.93235904,1.55867815,1.400047421,1.001109838,1.053043008,1.103380919,0.983545244,0.856103122,0.863357782,0.698816359,0.693066776,0.817294657,0.754916787,0.780072868,0.804029524,0.70220983,,,
Romania,-0.440713197,-0.410669893,-0.322501838,-0.260543019,-0.20915851,-0.23033078,-0.186216146,-0.309800476,-0.352394611,-0.333498508,-0.381443471,-0.301038712,-0.224212572,-0.170948252,-0.178657219,-0.141483217,-0.226882994,-0.236893356,-0.098599784,-0.061378639,0.016491659,0.040495344,,,
Russian Federation,-0.95484823,-0.783091724,-0.825626493,-0.847120821,-0.940847754,-1.017580867,-1.125228643,-1.141306877,-1.099214792,-1.074376822,-1.051571608,-1.020724416,-0.918883324,-0.974069595,-0.838650405,-0.914680719,-0.869339645,-0.822259068,-0.930568337,-0.921020746,-0.979839683,-1.104678273,,,
Rwanda,-0.716065526,-0.588587761,-0.412591547,-0.629166365,-0.20552519,0.007067768,0.108792886,0.108438961,0.365169644,0.362672299,0.559880137,0.624868751,0.776426077,0.59837383,0.618635416,0.60591954,0.535689771,0.521383941,0.527836561,0.573008239,0.561417639,0.671653092,,,
South Asia,,,,,,,,,,,,,,,,,,,,,,,,,
Saudi Arabia,0.182221666,-0.167679191,-0.297835916,-0.103524342,-0.195399955,-0.169473514,-0.014675688,-0.020552717,0.036955286,-0.312528074,-0.045678299,-0.027551834,0.08140374,0.021385988,0.198880643,0.332312196,0.330702603,0.246933833,0.241704509,0.282917559,0.357307374,0.536042988,,,
Sudan,-1.035822868,-1.170058131,-1.246902585,-1.387641191,-1.191282749,-1.329811096,-1.427513838,-1.150308371,-1.196660757,-1.204625487,-1.503376722,-1.489166617,-1.462855101,-1.500196934,-1.56117487,-1.559720278,-1.457363605,-1.404175878,-1.418994069,-1.275893569,-1.413728714,-1.502067089,,,
Senegal,0.247913659,-0.141306818,0.023222394,-0.035375662,-0.37309429,-0.514299452,-0.500159681,-0.490049094,-0.641386092,-0.503729224,-0.258422732,-0.189072818,0.058449276,0.031306829,-0.024278427,-0.114319831,-0.047376096,-0.003571971,-0.007295328,0.042310625,-0.013174304,0.057832226,,,
Singapore,2.262733698,2.169167757,2.301145792,2.156098127,2.174917221,2.231212378,2.231617928,2.206720352,2.171362877,2.102997065,2.115708113,2.070466757,2.06742692,2.051130772,2.042241573,2.088784933,2.134731293,2.120042801,2.118231773,2.139510632,2.09469986,2.040184021,,,
Solomon Islands,0.182450026,0.214311689,-0.065690726,0.087780945,-0.202771097,-0.374890536,-0.354255259,-0.281599671,-0.339228064,-0.346251637,-0.357465267,-0.399928987,-0.266010553,-0.345234454,-0.356087327,0.092627935,-0.034902889,-0.050612472,0.068296649,-0.164154112,-0.184632152,-0.134710744,,,
Sierra Leone,-0.789458632,-0.892783046,-0.881412625,-1.085491657,-1.026145697,-0.919340312,-0.978874683,-0.942291141,-0.780791581,-0.860041797,-0.957400441,-0.912265718,-0.948586166,-0.820486605,-0.841478765,-0.590301275,-0.511718929,-0.470781624,-0.396055698,-0.455585212,-0.559889019,-0.574557841,,,
El Salvador,-0.81314522,-0.416793615,-0.480672061,-0.508673728,-0.335918337,-0.423062176,-0.411013573,-0.230227888,-0.258609384,-0.247806415,-0.412512779,-0.349343956,-0.375204563,-0.447838724,-0.556168318,-0.534349263,-0.58643496,-0.537863314,-0.577636421,-0.553710938,-0.642525256,-0.56131506,,,
San Marino,,,,,,,,,,,,,,1.151729107,1.15941143,1.171781301,1.178940058,1.176189423,1.265453935,1.279687047,1.270272374,1.251356125,,,
"Somalia, Fed. Rep.",-1.032930613,-1.465910077,-1.80303514,-1.683112144,-1.72492063,-1.739551187,-1.848734379,-1.701694131,-1.726097345,-1.715412021,-1.596589088,-1.58360374,-1.66348052,-1.641670704,-1.690790653,-1.742241144,-1.785826087,-1.724367976,-1.689130902,-1.795541406,-1.792611241,-1.732833624,,,
Serbia,-0.895784795,-0.494189292,-0.493293792,-0.406051368,-0.277591467,-0.341682166,-0.302461773,-0.317943394,-0.31941554,-0.299286216,-0.357432961,-0.327844173,-0.247404575,-0.31857723,-0.383323163,-0.435911,-0.396570772,-0.450225323,-0.451470822,-0.459140092,-0.456542432,-0.447204262,,,
Sub-Saharan Africa (excluding high income),,,,,,,,,,,,,,,,,,,,,,,,,
South Sudan,,,,,,,,,-0.819455504,-1.092395306,-1.295819283,-1.400569439,-1.607845902,-1.724335551,-1.759120226,-1.748293281,-1.742846489,-1.799833059,-1.93686974,-1.8369807,-1.855797648,-1.969555378,,,
Sub-Saharan Africa,,,,,,,,,,,,,,,,,,,,,,,,,
Small states,,,,,,,,,,,,,,,,,,,,,,,,,
Sao Tome and Principe,0.237328082,-0.109425098,-0.463267118,-0.541059792,-0.274057031,-0.288336992,-0.293066412,-0.184565529,-0.237911433,-0.182666853,-0.172321394,-0.171315938,0.013135637,-0.067590348,-0.083519801,0.152014688,0.152902648,0.133435577,0.119751044,0.23234804,0.305139542,0.360224694,,,
Suriname,0.261614025,0.306020856,0.262759477,0.216340378,-0.103575468,-0.012143857,-0.027266076,-0.260273784,-0.3327021,-0.284884512,-0.340788126,-0.282394767,-0.449729502,-0.271172434,-0.335388899,-0.205202311,-0.240344256,-0.41992861,-0.46073404,-0.41855827,-0.404953331,-0.404351592,,,
Slovak Republic,-0.05063393,0.280685246,0.337021232,0.451420695,0.375256956,0.296645999,0.312199146,0.265569657,0.248165295,0.229635805,0.069280498,0.048900682,0.121957377,0.109913036,0.15208143,0.097416274,0.230296522,0.187729359,0.415226489,0.210813537,0.213295862,0.292565286,,,
Slovenia,0.773913145,0.898586512,1.015795946,0.902103662,1.026472807,1.009995461,0.939397454,1.051517963,0.91739136,0.941719472,0.832158983,0.72219789,0.721584439,0.737131715,0.784757495,0.776858032,0.835979223,0.888419628,0.777402997,0.692999661,0.767268538,0.776647091,,,
Sweden,2.200397491,2.147883654,2.132647514,2.012797594,2.186323404,2.233975649,2.211410761,2.24269557,2.219725847,2.168036461,2.27712059,2.239426613,2.11085391,2.145463467,2.105776548,2.099963188,2.109636784,2.091949463,2.094510555,2.098498106,2.061525345,2.028246164,,,
Eswatini,-0.060139928,-0.073139861,-0.242530376,-0.275532275,-0.04486889,-0.045250148,0.036358181,-0.011176921,-0.041857969,-0.184126675,-0.224429905,-0.228422225,-0.257097036,-0.21571207,-0.231943429,-0.072670229,-0.231804639,-0.325314105,-0.292263597,-0.697604001,-0.726303339,-0.734985471,,,
Sint Maarten (Dutch part),,,,,,,,,,,,,,,,,,,,,,,,,
Seychelles,0.694714844,0.791487634,0.549316823,0.374254942,0.334428996,0.336277306,0.562798917,0.575691283,0.600197673,0.606024206,0.579943299,0.600877047,0.577862799,1.141880393,1.100882292,0.84922719,0.860159636,1.17574966,1.388897538,1.600459337,1.69851017,1.628847718,,,
Syrian Arab Republic,-0.399796873,-0.801886261,-0.829437733,-0.852751672,-0.94982779,-1.009927511,-1.070749879,-1.05090487,-1.102486491,-1.100737929,-1.219366789,-1.265769243,-1.560515285,-1.568970442,-1.59303391,-1.583551884,-1.64825058,-1.707912922,-1.735396385,-1.798743725,-1.776185155,-1.75022471,,,
Turks and Caicos Islands,,,,,,,,,,,,,,,,,,,,,,,,,
Chad,-1.270305872,-1.465013862,-1.44834578,-1.531993032,-1.361009359,-1.388992548,-1.534189463,-1.412184477,-1.394238591,-1.355160832,-1.330996513,-1.370300174,-1.329388499,-1.381821513,-1.511519194,-1.455860376,-1.404424429,-1.417515874,-1.425237775,-1.496497035,-1.488538027,-1.482406974,,,
East Asia & Pacific (IDA & IBRD countries),,,,,,,,,,,,,,,,,,,,,,,,,
Europe & Central Asia (IDA & IBRD countries),,,,,,,,,,,,,,,,,,,,,,,,,
Togo,-0.758069575,-0.902238727,-0.943994403,-0.87377125,-1.0496068,-0.997273386,-0.975757539,-1.032309651,-0.967423081,-1.026531458,-1.007718325,-1.034981489,-0.90018332,-0.754961371,-0.708207965,-0.735369742,-0.749250174,-0.746111989,-0.730152428,-0.690799415,-0.637628198,-0.619174957,,,
Thailand,-0.338848352,-0.196023554,-0.24613224,-0.206432834,-0.413430303,-0.400172323,-0.440627247,-0.332013279,-0.360339463,-0.353244036,-0.397404075,-0.372668326,-0.480822623,-0.555973411,-0.451746017,-0.446126044,-0.458226591,-0.471995354,-0.483811766,-0.478870928,-0.452444345,-0.489050776,,,
Tajikistan,-1.174971223,-1.147746086,-1.319209814,-1.176047444,-1.042832255,-1.040969253,-1.186930537,-1.221769214,-1.297203541,-1.231771708,-1.280341625,-1.287621021,-1.13246429,-1.148191094,-1.163033485,-1.346372128,-1.428637147,-1.345649838,-1.345226526,-1.354334593,-1.434276462,-1.378733397,,,
Turkmenistan,-1.05427289,-1.015131831,-1.270520687,-1.347762346,-1.399203897,-1.405738115,-1.398331523,-1.432222605,-1.435776353,-1.445981383,-1.314689875,-1.285681129,-1.177458405,-1.225913763,-1.395843148,-1.369123578,-1.382822275,-1.394042015,-1.434578419,-1.439609766,-1.437132478,-1.423624277,,,
Latin America & the Caribbean (IDA & IBRD countries),,,,,,,,,,,,,,,,,,,,,,,,,
Timor-Leste,-0.222040236,-0.249594808,-0.335041285,-0.569692433,-0.598673344,-0.648965776,-0.650319099,-0.803566515,-0.754676282,-0.824016511,-0.743892968,-0.693969369,-0.529589474,-0.546580613,-0.537739694,-0.565559626,-0.505600214,-0.400363654,-0.339262903,-0.071802154,-0.265468001,-0.226704165,,,
"Middle East, North Africa, Afghanistan & Pakistan (IDA & IBRD)",,,,,,,,,,,,,,,,,,,,,,,,,
Tonga,,,0.089219317,-1.35349369,-1.377633214,-1.055481791,-0.679467142,-0.676430941,-0.303076357,-0.320604384,-0.298795193,-0.258447707,-0.273151159,-0.460293978,-0.452807009,-0.178877786,-0.071241498,-0.330168128,-0.34388265,-0.429132015,-0.420545071,-0.308315754,,,
South Asia (IDA & IBRD),,,,,,,,,,,,,,,,,,,,,,,,,
Sub-Saharan Africa (IDA & IBRD countries),,,,,,,,,,,,,,,,,,,,,,,,,
Trinidad and Tobago,0.03129793,0.06059717,-0.018941578,0.01965333,-0.125168324,-0.04883967,-0.078856148,-0.05406221,-0.208101377,-0.13505049,-0.182379499,-0.253159583,-0.464948714,-0.365587831,-0.303713292,-0.393758774,-0.37965554,-0.256703824,-0.160061643,-0.299813926,-0.379440844,-0.374148548,,,
Tunisia,0.283649951,0.123504691,0.067843512,-0.078068301,-0.012532148,-0.109465234,-0.165581718,-0.07915701,-0.118834764,-0.022444921,-0.033657957,-0.041582875,-0.019062787,-0.077178285,-0.163240567,-0.159596652,-0.114437342,-0.139625028,-0.115354247,-0.26232934,-0.299796939,-0.341899782,,,
Turkiye,-0.570128739,-0.209118396,-0.191904396,-0.035272829,0.026674604,0.112518623,0.11532557,0.087655708,0.025415225,0.038242523,0.161344782,0.091507562,-0.13432841,-0.16154924,-0.199177414,-0.20880504,-0.351303011,-0.325921059,-0.361754,-0.408259898,-0.46810627,-0.50248909,,,
Tuvalu,,,0.791444957,-0.12089359,-0.104157448,-0.24031949,-0.217524931,-0.219170406,-0.259419352,-0.266759753,-0.345227033,-0.3930659,0.028467461,0.006501475,0.055500541,0.068848796,0.051431186,0.38763237,0.484494269,0.661643803,0.652524471,0.646379948,,,
Tanzania,-0.840931594,-0.734542429,-0.56556958,-0.607605696,-0.228577167,-0.335751265,-0.416348159,-0.447849065,-0.542279363,-0.60335964,-0.764619529,-0.781170845,-0.761549294,-0.709870934,-0.531419516,-0.486995429,-0.475951612,-0.420570701,-0.405753613,-0.394610137,-0.35488227,-0.319897324,,,
Uganda,-1.025739431,-0.948509097,-0.811878681,-0.833648562,-0.787619293,-0.825754583,-0.840163767,-0.909787476,-0.923493564,-0.936401606,-1.001575112,-1.056307316,-1.097787857,-1.0814116,-1.086735964,-1.069442272,-1.051229477,-1.174473524,-1.06589222,-1.028543591,-1.061196923,-1.042574763,,,
Ukraine,-1.091393948,-0.966655314,-0.979341567,-0.740642905,-0.772781849,-0.820174932,-0.862514138,-1.071736813,-1.031962514,-1.086713314,-1.117539167,-1.176667333,-1.024744391,-1.039613128,-0.867796838,-0.832255304,-0.921338856,-0.800639629,-0.832628608,-0.787211776,-0.634004474,-0.686146319,,,
Upper middle income,,,,,,,,,,,,,,,,,,,,,,,,,
Uruguay,0.945743263,1.101403475,0.894058406,1.081768513,1.130043507,1.280935764,1.345951676,1.250004292,1.297701478,1.289977908,1.378116846,1.397225738,1.388093233,1.300400257,1.247056723,1.253417969,1.207652926,1.195396781,1.3646667,1.585964561,1.610502005,1.57394731,,,
United States,1.873596668,1.704490542,1.810701966,1.536726952,1.344892621,1.377069235,1.437633395,1.286476374,1.265258074,1.262119055,1.402794003,1.305924892,1.371378064,1.35772121,1.330895662,1.340532541,1.292747378,1.180357099,1.037831903,1.019277573,1.104144692,1.123432636,,,
Uzbekistan,-0.964738905,-0.914871931,-1.068812013,-1.229637623,-1.016335964,-1.033785582,-1.06285727,-1.276073456,-1.307985425,-1.387564898,-1.310680032,-1.273433328,-1.194759607,-1.285851717,-1.200567603,-1.187155008,-1.082640886,-1.047051072,-1.073404193,-0.829755306,-0.75777024,-0.80752933,,,
St. Vincent and the Grenadines,,,0.276366174,1.084856987,0.959533632,0.988939226,1.127540827,1.136204004,1.06810534,1.085522532,0.969306469,0.955689847,0.691183269,0.656781733,0.674563527,0.706236422,0.743811011,0.760956824,0.798051178,0.774506927,0.756547928,0.737308145,,,
"Venezuela, RB",-1.061424494,-1.067478895,-0.97820282,-1.030746222,-1.049627066,-1.08307755,-1.144423723,-1.171696544,-1.208009005,-1.155070424,-1.258297563,-1.307032943,-1.39491117,-1.407398343,-1.366669178,-1.385664582,-1.51229763,-1.527685404,-1.575733066,-1.622939944,-1.651524186,-1.690005183,,,
British Virgin Islands,,,,,,,,,,,,,,,,,,,,,,,,,
Virgin Islands (U.S.),,,0.650999784,0.789309144,0.775587142,0.784966588,0.797165334,0.832615554,0.815264821,0.791372001,0.779971004,0.778291643,0.634795427,0.571842968,0.578694463,0.581275344,0.577230215,0.572149575,-0.001319034,-0.003898137,-0.005883058,-0.018456656,,,
Viet Nam,-0.56099081,-0.490872562,-0.756660283,-0.72958231,-0.747617364,-0.630165637,-0.711532891,-0.545064032,-0.622543275,-0.614729941,-0.532105982,-0.482918799,-0.438487649,-0.457950294,-0.490106016,-0.62858814,-0.511843026,-0.546221077,-0.374517351,-0.308163285,-0.287254333,-0.415814281,,,
Vanuatu,0.230140477,0.262945443,-0.138781786,0.29455924,0.192250758,0.273236156,0.35745886,0.338911116,0.300518751,0.308373779,0.344245106,0.292182297,0.477773845,-0.122023106,-0.087285124,0.002816792,-0.18431738,-0.284038395,-0.16922608,-0.039679464,-0.028579803,-0.014865154,,,
World,,,,,,,,,,,,,,,,,,,,,,,,,
Samoa,-0.070856519,-0.10321895,-0.238485977,0.218686625,0.304151416,0.302983135,0.259912491,0.153789654,0.169478163,0.12943545,0.141266376,0.181165755,0.358885229,0.2985861,0.30041337,0.659018934,0.647117853,0.648498595,0.712402642,0.59250468,0.554122448,0.727086067,,,
Kosovo,0.360481679,-0.504247785,-0.305080533,-0.526772022,-0.514050007,-0.735240698,-0.648774087,-0.585376561,-0.615350246,-0.618153572,-0.653357148,-0.649717093,-0.486257941,-0.559970379,-0.43840158,-0.527111173,-0.52827096,-0.541379213,-0.462970525,-0.341498196,-0.263819605,-0.18528606,,,
"Yemen, Rep.",-0.971152008,-1.0030514,-1.089905858,-0.896564424,-0.789497018,-0.793472648,-0.797573388,-1.075401783,-1.191630483,-1.241910219,-1.258748412,-1.25662756,-1.565823674,-1.50848496,-1.696101427,-1.616802692,-1.658391953,-1.712605357,-1.711300611,-1.668676972,-1.679812789,-1.648933291,,,
South Africa,0.332901508,0.275540829,0.397753119,0.483857185,0.378271431,0.197672486,0.153828725,0.125426695,0.065393098,-0.004233705,-0.184170604,-0.138074696,-0.125287011,-0.070839748,0.017026288,-0.127773166,-0.136797428,-0.031280991,-0.059475705,-0.034169111,-0.330094606,-0.284670442,,,
Zambia,-0.758519173,-0.641858518,-0.604488134,-0.592440426,-0.551735699,-0.398109436,-0.38960132,-0.469497651,-0.51831919,-0.41075328,-0.291441262,-0.315815896,-0.348072886,-0.368724585,-0.427309334,-0.56757164,-0.67888844,-0.672178805,-0.731881857,-0.757704794,-0.50494802,-0.477706879,,,
Zimbabwe,-1.156759501,-1.188867569,-1.253563166,-1.31461668,-1.372948766,-1.404757977,-1.348838091,-1.357875228,-1.373286724,-1.425626516,-1.381803393,-1.42002666,-1.404758811,-1.337775707,-1.288664818,-1.298114777,-1.246379614,-1.290333867,-1.308787823,-1.277147293,-1.259969473,-1.261216044,,,